/* INSERT THE REQUIRED ROWS INTO ITEM TABLE */Insert into ITEM (ITEM, DESCR ) Values ('TC_4_157_1', 'TC_4_157_1 DESC');Insert into ITEM (ITEM, DESCR ) Values ('TC_4_157_2', 'TC_4_157_2 DESC');Insert into ITEM (ITEM, DESCR ) Values ('TC_4_157_3', 'TC_4_157_3 DESC');Insert into ITEM (ITEM, DESCR ) Values ('TC_4_157_4', 'TC_4_157_4 DESC');Insert into ITEM (ITEM, DESCR ) Values ('TC_4_157_5', 'TC_4_157_5 DESC');Insert into ITEM (ITEM, DESCR ) Values ('TC_4_157_6', 'TC_4_157_6 DESC');Insert into ITEM (ITEM, DESCR ) Values ('TC_4_157_7', 'TC_4_157_7 DESC');Insert into ITEM (ITEM, DESCR ) Values ('TC_4_157_8', 'TC_4_157_8 DESC');Insert into ITEM (ITEM, DESCR ) Values ('TC_4_157_9', 'TC_4_157_9 DESC');Insert into ITEM (ITEM, DESCR ) Values ('TC_4_157_10', 'TC_4_157_10 DESC');COMMIT;Insert into SKU (ITEM, LOC ) Values ('TC_4_157_1', 'CHI');Insert into SKU (ITEM, LOC ) Values ('TC_4_157_2', 'CHI');Insert into SKU (ITEM, LOC ) Values ('TC_4_157_3', 'CHI');Insert into SKU (ITEM, LOC ) Values ('TC_4_157_4', 'CHI');Insert into SKU (ITEM, LOC ) Values ('TC_4_157_5', 'CHI');Insert into SKU (ITEM, LOC ) Values ('TC_4_157_6', 'CHI');Insert into SKU (ITEM, LOC ) Values ('TC_4_157_7', 'CHI');Insert into SKU (ITEM, LOC ) Values ('TC_4_157_8', 'CHI');Insert into SKU (ITEM, LOC ) Values ('TC_4_157_9', 'CHI');Insert into SKU (ITEM, LOC ) Values ('TC_4_157_10', 'CHI');COMMIT;Insert into ITEM_EXT (ITEM, DESCR ) Values ('TC_4_157_1', 'TC_4_157_1 DESC');Insert into ITEM_EXT (ITEM, DESCR ) Values ('TC_4_157_2', 'TC_4_157_2 DESC');Insert into ITEM_EXT (ITEM, DESCR ) Values ('TC_4_157_3', 'TC_4_157_3 DESC');Insert into ITEM_EXT (ITEM, DESCR ) Values ('TC_4_157_4', 'TC_4_157_4 DESC');Insert into ITEM_EXT (ITEM, DESCR ) Values ('TC_4_157_5', 'TC_4_157_5 DESC');COMMIT;exit;